address,operator_address,moniker,tier,allocation
terp126jdyc74p70ahzrf3wvaka7hmeke8g2n6m720s,terpvaloper126jdyc74p70ahzrf3wvaka7hmeke8g2ntym70p,AlxVoy ⚡ ANODE.TEAM,3,18
terp13nwzm5dfd26ue74jr6sc39gyn3qze0rjqwewne,terpvaloper13nwzm5dfd26ue74jr6sc39gyn3qze0rj33u6ng,BonyNode,3,18
terp17cxqykcmedcfdfudn8rrdczxjx2vzh6jf03ejh,terpvaloper17cxqykcmedcfdfudn8rrdczxjx2vzh6jcs5djx,AKNodes,3,18
terp1eff25w2su9zxhe9lzea65l9xyptv8saxr9x7ck,terpvaloper1eff25w2su9zxhe9lzea65l9xyptv8saxj6r2c8,🔥STAVR🔥 REStake ON✅,3,18
terp1f9te8y5uzryet8gu9su99uq8zxxzntfutgd6p3,terpvaloper1f9te8y5uzryet8gu9su99uq8zxxzntfu6hgwpq,ChainTools,3,18
terp1fak8qed3zu86d8hlmkdsee9h2xtutawl3ylw0r,terpvaloper1fak8qed3zu86d8hlmkdsee9h2xtutawlqm660j,Apollo,3,18
terp1frc5uauvs25cc53jhhrut0up8g554tmvyq7p3x,terpvaloper1frc5uauvs25cc53jhhrut0up8g554tmv4lm43h,KonsorTech,3,18
terp1g80p4suzrz4vqsvs3za0yqhqcphlvnjy00kanl,terpvaloper1g80p4suzrz4vqsvs3za0yqhqcphlvnjy7snfnw,Blackhox,3,18
terp1m6tvafexlugmnzt9hfkduepx2szhmc0qc4qcdz,terpvaloper1m6tvafexlugmnzt9hfkduepx2szhmc0qf29vdn,ITpro🚀,3,18
terp1mzns2fp4urelqxyjxyjelef34j9eynu8ckg3v6,terpvaloper1mzns2fp4urelqxyjxyjelef34j9eynu8ffd9vt,SerGo,3,18
terp1u9nx0mxq30h6dq99w6ptju09pz3m32jxn2l22c,terpvaloper1u9nx0mxq30h6dq99w6ptju09pz3m32jxz4672f,itrocket,3,18
terp10kq6fdfvddlwf29pxpf4g6y8ds786283wcxhjr,terpvaloper10kq6fdfvddlwf29pxpf4g6y8ds786283l8rrjj,cagie,2,6
terp13w9zq85yuk8jud83h2qncrzlsfq9s48kyws33r,terpvaloper13w9zq85yuk8jud83h2qncrzlsfq9s48k43493j,maxfoton,2,6
terp152v036x9h88sje6482spehqv5t6x3d2ne5q8a2,terpvaloper152v036x9h88sje6482spehqv5t6x3d2ngt9nam,AM Solutions,2,6
terp156vzjh57d6jzdqa87smrfrnae75j64njkg5j3q,terpvaloper156vzjh57d6jzdqa87smrfrnae75j64nj8h3x33,🌋uru🌋,2,6
terp157l6m32mwjmu5ue8txulkccamyuwqlglx3y0pa,terpvaloper157l6m32mwjmu5ue8txulkccamyuwqlglhwpmpv,BccNodes,2,6
terp15p8v9yldc3f6r60z7046atyvvyh7njd8ngz7k3,terpvaloper15p8v9yldc3f6r60z7046atyvvyh7njd8zh82kq,Shutdown - Please Redelegate,2,6
terp169g8s6qxjl5j6ap8yrrh3qpu9p5nh5hvhyskjq,terpvaloper169g8s6qxjl5j6ap8yrrh3qpu9p5nh5hvxm4zj3,Vitek73,2,6
terp16dugsamj5ys5fdzpp9gq66qk30uqr0l78h37nq,terpvaloper16dugsamj5ys5fdzpp9gq66qk30uqr0l7kg52n3,Hashbound Validations,2,6
terp17fq4f7vs5lu5fm3f7fms9xdj29amnevz9xaqst,terpvaloper17fq4f7vs5lu5fm3f7fms9xdj29amnevz5ec5s6,♻️ PureNodes 💻,2,6
terp17wvqnrqvx7q5wrpm428vp758rcvkff2p8vlu7x,terpvaloper17wvqnrqvx7q5wrpm428vp758rcvkff2pkn6g7h,kjnodes,2,6
terp180hsn543nxwe4u8y6mzg6ptmjujfql4reedsvs,terpvaloper180hsn543nxwe4u8y6mzg6ptmjujfql4rgxgyvp,"Deactivating, please undelegate",2,6
terp184utpxxzlgalyk9nlavxcg8fvpqctft28xv87l,terpvaloper184utpxxzlgalyk9nlavxcg8fvpqctft2kefn7w,Blockscope.net,2,6
terp19f0w9svr905fhefusyx4z8sf83j6et0g8pfa3l,terpvaloper19f0w9svr905fhefusyx4z8sf83j6et0gk7vf3w,NodeStake,2,6
terp1c5wtyhqsdxwde0uz5f6nc6z9y3dj403lstfdqy,terpvaloper1c5wtyhqsdxwde0uz5f6nc6z9y3dj403lp5veq4,farukyasar,2,6
terp1cmd7tdsc07v58xrudlksvfls4xg2ckz2dlcfee,terpvaloper1cmd7tdsc07v58xrudlksvfls4xg2ckz2uqaaeg,ZIM,2,6
terp1h2qmh8wntzt5ve76zkq64j2l6gup98vv63rjc7,terpvaloper1h2qmh8wntzt5ve76zkq64j2l6gup98vvtwxxc0,DiBugNodes,2,6
terp1hcac5um6n75nfxtfyluuz00z8wsf6l3dnceqkh,terpvaloper1hcac5um6n75nfxtfyluuz00z8wsf6l3dz8u5kx,NOXU,2,6
terp1hdt66yvch9a8naxaz7xx7pgzkt0ghkvhlgs7s8,terpvaloper1hdt66yvch9a8naxaz7xx7pgzkt0ghkvhwh42sk,Coinstamp,2,6
terp1huacpxux37sqdhgvruz7qj5wk88gh2hz6xya9g,terpvaloper1huacpxux37sqdhgvruz7qj5wk88gh2hztepf9e,ERN VENTURES,2,6
terp1k9nhs2yrsvj9tdxpv4px8ez2zu72yqg5ulv2eh,terpvaloper1k9nhs2yrsvj9tdxpv4px8ez2zu72yqg5dqf7ex,share3.co,2,6
terp1ky0typddsr4n0pe8j24nlstgd8zd9ku23sxycr,terpvaloper1ky0typddsr4n0pe8j24nlstgd8zd9ku2q0rscj,Indonode,2,6
terp1n9k2rtrtw6qmezs6xmxcf0udhz6qpymnq7lqqm,terpvaloper1n9k2rtrtw6qmezs6xmxcf0udhz6qpymn3p65q2,ZenChainLabs,2,6
terp1n9yenan0nuxrqfy85pyrg5qatuwcnrawgkurxk,terpvaloper1n9yenan0nuxrqfy85pyrg5qatuwcnrawefehx8,sychonix,2,6
terp1pea8ge7834he2vl5sfw4zhc6lttyjda4l8de5n,terpvaloper1pea8ge7834he2vl5sfw4zhc6lttyjda4wcgd5z,Cabinet42,2,6
terp1r0z2xj642rjmpxdp59gaf3x3rjtwsmx4svvt4w,terpvaloper1r0z2xj642rjmpxdp59gaf3x3rjtwsmx4pnfl4l,Tarzik,2,6
terp1rwyn6w46u3067enhpdceqasg2um8dddtt5ursa,terpvaloper1rwyn6w46u3067enhpdceqasg2um8dddt6tehsv,NODEJUMPER,2,6
terp1s9457pmjeadq0f4vgt4qj68r23uj7jj2yrhkca,terpvaloper1s9457pmjeadq0f4vgt4qj68r23uj7jj24ujzcv,Black Cat,2,6
terp1skeqnjwmjpv50n5lak2kzj6ujz59gu4m6ashlr,terpvaloper1skeqnjwmjpv50n5lak2kzj6ujz59gu4mtz4rlj,"LC closing down on 30-09-2023, please redelegate",2,6
terp1syqau7gee27ml462flvjhxucer6zdy7pvw7a95,terpvaloper1syqau7gee27ml462flvjhxucer6zdy7pa3mf99,𝐥𝐞𝐬𝐧𝐢𝐤 | 𝐔𝐓𝐒𝐀,2,6
terp1u6g2pdx2t29rpd5zx7k0qqhlga3jk0p78klh7h,terpvaloper1u6g2pdx2t29rpd5zx7k0qqhlga3jk0p7kf6r7x,TerpXiti,2,6
terp1uc52al69sqxa76r5qea5yct9lwszng8zfnhnmc,terpvaloper1uc52al69sqxa76r5qea5yct9lwszng8zcvj8mf,Shutting down 01/2025,2,6
terp1un9ar4a0sqkcxwnxc43x3xq6yppc9d6n0hvsx5,terpvaloper1un9ar4a0sqkcxwnxc43x3xq6yppc9d6n7gfyx9,Test1,2,6
terp1v3wjkc94lpq5g7k26d9y87ehh36fm4mx5waggp,terpvaloper1v3wjkc94lpq5g7k26d9y87ehh36fm4mx93cugs,Please UNDELEGATE,2,6
terp1v8c89msfexse77nl9yjml8kn4kd0apr47pxnlj,terpvaloper1v8c89msfexse77nl9yjml8kn4kd0apr407r8lr,skynodejs,2,6
terp1vlfkzyfe56um24jx9zp96t4v957wr4wtnm9p6t,terpvaloper1vlfkzyfe56um24jx9zp96t4v957wr4wtzyq466,Keqing,2,6
terp1w6yzswlclrh5emqefd3tvhhvvctspysydex5f2,terpvaloper1w6yzswlclrh5emqefd3tvhhvvctspysyuxrqfm,haciyatmaz,2,6
terp1wwgrl05jkk3a3m9gm0wwmvq3r0fd93p86p5y5h,terpvaloper1wwgrl05jkk3a3m9gm0wwmvq3r0fd93p8t73s5x,Hexnodes,2,6
terp1xld22uyeltlmep89m5dxz4aacrumka46upgr8f,terpvaloper1xld22uyeltlmep89m5dxz4aacrumka46d7dh8c,Apeiron Nodes DAO🔗|100% Uptime,2,6
terp1y64wre98vqyfldmg626x0g34hll7ksdh3lgpum,terpvaloper1y64wre98vqyfldmg626x0g34hll7ksdhqqd4u2,StingRay,2,6
terp1zhweh0qv72twxf3s22dpg23w9f2vzelmcum3au,terpvaloper1zhweh0qv72twxf3s22dpg23w9f2vzelmfr79ad,"Shutting Down, Please Redelegate",2,6
terp1zj70sat2fevu68hstfl0le5e0c5efg5mrfz73d,terpvaloper1zj70sat2fevu68hstfl0le5e0c5efg5mjk823u,vinjan,2,6
terp100tk3h9qwulflqu2gj0pgvzfrgtavm5jnf7zek,,,1,3
terp103l025fw2x7d8k8px7d07vu667x0h5p5trem5c,,,1,3
terp10g4rhdx7j8vcysdwtfhknh5dj9lqu5870jxrgg,,,1,3
terp10qmxtp4shzn0y7j0sce36zddu9ku4wucvujmj4,,,1,3
terp10rpv2hdmw5mta0akn9sg2uud45hhc5l743c942,,,1,3
terp122hjrmj8k2f0lc0m8nepdysgx9f2gan2azavda,,,1,3
terp122xnz0c6e529qnns8prf5997eup4wauklffsvy,,,1,3
terp12736ed7frh0uxwv2tm29qz8v30fe03kqef0a2e,,,1,3
terp128m3ap0gdrkrep7ywpw4zsagk96u0ts8avmryz,,,1,3
terp12ag4k3sahlk369y724h75k6jpa8tjpjk9klkuv,,,1,3
terp12trcwfd0e82g6904ntgka7y72efjp82hffwyvf,,,1,3
terp12u2u0pks6her744andmxnf5v5mawkwrekpph3z,,,1,3
terp12w29ctjca49yfj3wgr45w64k29xs7692yx4474,,,1,3
terp12wrx5qegdqpj5ramkn54f6vq8ehgapreqswwmd,,,1,3
terp13306hrp8e9y9z8lv5h2eccupffj8kw95cluket,,,1,3
terp136xluxzqh24mtx4g7qavzpdw8yzwdqtf7uffw5,,,1,3
terp137xce4zlmrwpuvj8yu6pn748nnm5kwg4eu99lx,,,1,3
terp139x6xcc5hgtp3ql4uvq3s4trgwr9qqlt694hv9,,,1,3
terp13a02q0pgjy8qewdykr69ha78uch00j44yxn5sx,,,1,3
terp13eaa0az5pu6tlrssqqzr9l3qs6u9yvafhz7mcc,,,1,3
terp13jawsn574rf3f0u5rhu7e8n6sayx5gkw4xf0us,,,1,3
terp13p5dt20sggkxpj9w0lgenk87tuj8ykz0e5vr3n,,,1,3
terp13qwtj862uu4xms49r0jyjcxcjrd4x0twjqpjnd,,,1,3
terp13usnadvzl8utxn99hqwf5c4efpmm03h5suumdn,,,1,3
terp13uyd8qummw8kfsg6eedxh2lgt4msj3s4ehwz4w,,,1,3
terp13vgnjn4grkagf7gm9ccfhls53ap4m6auqrdrun,,,1,3
terp13vhvn6pqg0m3zgswvyapaf55wuzdnj2ngcdncp,,,1,3
terp1468uypq7xek5wv8hz7walcga6y8u4w7fhmztp6,,,1,3
terp14cge59jv9zat207pwar6hdlu3unrzav5rkzy0t,,,1,3
terp14eygcfdmwpl00nw2amqpujg73nyy59azqu55em,,,1,3
terp14gwg2qaghttmmsm8a998kkv4sav0mke0qm5lmg,,,1,3
terp14k4388v55lwqgypeepxd3da7mm5l38jspc63n0,,,1,3
terp14kaxwtrtuvg5vpeqmcgqcvxvrxh34jhtqujewh,,,1,3
terp14l0fp639yudfl46zauvv8rkzjgd4u0zkgrdqzs,,,1,3
terp14nx46aumvw9tnmgf258rq5vp6zsvep9uhh64ay,,,1,3
terp157z90gd97m5cs2sky7ddenvuvnjr7xypl2es2v,,,1,3
terp15aa4v29vlhkzdh5vmf7m55uz6sf9jqm2wh5659,,,1,3
terp15g257lg3qr023dq9jd4cr38wz5dfqkwh9y6lxk,,,1,3
terp15g8wandwhem9j0tpdvh4r3rn55n70n2eguarax,,,1,3
terp15ngp6c9c5kgnx0ujl2kpmdpz6fet9pkgmwnrjd,,,1,3
terp15v4alt5cvcd90a6fev6nxgdlup2xw5zntg844p,,,1,3
terp15x7ads8y9y58z63pf3q3neusyq83lukkqpqyrl,,,1,3
terp164hrh827qzkhrxdn4ud9n23ry4nev7ytel00yr,,,1,3
terp16795j3j4epyf7js6f8ht8scyy9c708xfhrmymm,,,1,3
terp16ejyzgtc2g49gkq5579ylyv7mtml2t50d4vmfv,,,1,3
terp16hmnlnkyem9hd3ssy9j09yvxht9pw8rxn5m3aj,,,1,3
terp16hp7wzudkeyw6fvgvalm0fh3elp9czhf2wt2z7,,,1,3
terp16r8masj94zav9fhwg00z9vkx2rpvd9d4unhet8,,,1,3
terp16sm9u8thqzwqyasha5nqw94vv3a6487xf7s5xs,,,1,3
terp17nun6cg7a5xtu9fz2p8scxr7u9jmrf5vt72jal,,,1,3
terp182sdupgyhs4cz4vrcjytzscdj463d4y8r5laur,,,1,3
terp188lyjtjn7ca20gj445twapm26mr70tyz3f8699,,,1,3
terp18jdc8v0xm3x43cpvrtce2teuctzyu7awgshftw,,,1,3
terp18jg48uc7zh2l3v87fjkvrrkpsmtaqjj6wwe0f5,,,1,3
terp18lqa6fzqge6tjv4t44hgj3fnshjevxvlj77g3g,,,1,3
terp18r44epe6ju5pa5vd4rdf8yssqtrpjhzd36qhhx,,,1,3
terp18t6l5m0vs5995h9mr9ngkh8vvq7aq3ah96esg6,,,1,3
terp197nrt26lht5k6805f5qfmj5r3mndwcsmynkk7y,,,1,3
terp19hyh7gvr7yv9qpjanakhdrd6cgcyp9jf369f00,,,1,3
terp19kvla8xpm44zp0gj0gdfqfggh5m60p8rp74uhe,,,1,3
terp19t5vjq8jlp5uy3jp4eu2nwms6u5yv7gn37kqdh,,,1,3
terp19yg0ms65e3n5sk24s5n3x0lp79vw6zdtacust7,,,1,3
terp19zrtt2uncccycgcm9efgedu0hr27qfdvn9uwmj,,,1,3
terp1a5wtevqew0y3880sp6w7lgtu90m3ts38zdfjvx,,,1,3
terp1a6gvrrken70l8v4qts3m0ycnnvgug9ywnjdr27,,,1,3
terp1aedaw6l8emqaclg352xhuh6mt935tzcg9t55lk,,,1,3
terp1af674u8mxy8w0s8395wq4tpsppcm33und346x4,,,1,3
terp1ahjjfn3jhmfytaevfdcfn6c0rtkqejaauncz3t,,,1,3
terp1an7untm0j46parl25rymd3pewmqpycvk9pffmh,,,1,3
terp1ap37pmfrr4z8gn4ul6et0znc8nmxnc6nx3lrsn,,,1,3
terp1ar2xgcljdxj0zzqscx0jtj457383j2xxgaf9z6,,,1,3
terp1c0u847k2pm0z4c8g0tkqc2ytp9zc2h4p2xzn9e,,,1,3
terp1c9mkft0d3sdjm3us883270veuww7qe3ymky0mz,,,1,3
terp1c9tpxanexwfmrj5ywf282rvnw29vlesewujzeu,,,1,3
terp1cchda0fgmu5kqklcvhh0t6rq597a0ggfcu0jgk,,,1,3
terp1ccvpczfnj03a5cxfc07eqzd6sm3vtwzqvyp55x,,,1,3
terp1chwml4tca69lpwezharl8rv3mz97rtwl34zdha,,,1,3
terp1cjcndhjhxj5ru9f05gazzpr8lhz5fz7d8a6zw3,,,1,3
terp1cw4dgpr52nv2sc9nu9fhe9n7ytrerj53y2z5wm,,,1,3
terp1d0hk2gflp7hsejy4t2a750g34w2m9nel8g4qxx,,,1,3
terp1d8xtuav36xg7hp6lv6u69gexpd8sunae3pt4zg,,,1,3
terp1d9ravy6x8mntycrxx5jq8azw2zjjmepepzw2j7,,,1,3
terp1dacllpem36fvx2euf38s7s9wncg7x2x4tq0dej,,,1,3
terp1dcxcprrmwrqm7lhwhsc2uys0ur998slrmxv3er,,,1,3
terp1ddcf8prazvw22sm9gd98gau7jhwxhdqpgu44ye,,,1,3
terp1ddkuq0ykaxqnxrrxnc46ltm78eeu4qtq07f9e9,,,1,3
terp1dewlv9j47gs8zqpttmyr0j4c9h7c90nmvvjx50,,,1,3
terp1djkltp58l2rwa4v58n2ppw8ev0tfc4kash06sl,,,1,3
terp1dl9jfeu6hw6t7fe3452zan82zltrfrpv6vy6c0,,,1,3
terp1dn8f39tqdfq2pwglejw4c8zl76c0dgylaexesf,,,1,3
terp1dnaayqadu5np7xcrl67jaclwl4gu5dgjljz6xk,,,1,3
terp1dpfzr9c05gyltmlxjthhcz93a7fafznuugpr8f,,,1,3
terp1dpulc3h32409jneelqmqjj5j4eyqf5svedthyd,,,1,3
terp1e2s4kp976rvqfah5avhu2grhdukvwvczxe40qz,,,1,3
terp1e6gqcrlhl3zfpku9lqfyv5zwfvr0hde8r02t2g,,,1,3
terp1eetpawhajm30wqv6n875wzyjxn5nfhzykcjn7z,,,1,3
terp1ej4hw9zvn8wz559xkrdcerjcauagr3xsdpv3q9,,,1,3
terp1ejnpzu8e667zm24merulfs0v2zegfjasl0qtlw,,,1,3
terp1eqj8gju6sldleq76auawrl58nwqcl6dyp973n6,,,1,3
terp1etsdevgm5ps240lrw9mg3p2j32tj96ktf4vdc7,,,1,3
terp1ff4kgfnqq76n7smp3qyurzjgdydv2f5re23gwr,,,1,3
terp1fr4dse2hghkw2sd3ve4mm4kml76km97xn8g7te,,,1,3
terp1fuf76x3f5vtpfd3yh4zuxu4y2qvnrtkdvdtvp9,,,1,3
terp1fvdynxfzzmxdgvdum02d25ewwfeesasfd2vq0r,,,1,3
terp1fxccvvhhy43tvet2ah7jqwq4cwl9k3dxmww052,,,1,3
terp1fxnkzpsggexfneqnucf2wmfy0zmgj7s22s2nt9,,,1,3
terp1fzwrcucs7xww9eenssvrlrujvvnhvuu7y5w5ae,,,1,3
terp1g00rfafry5k9ymjh6vpr677p274z3pxp54a2hh,,,1,3
terp1g2fw2rlthtplle950cmg5kk48aphlvfgdprxmn,,,1,3
terp1g6a8mqm5sc3q827vw9nte25txqu6uykjn6jghl,,,1,3
terp1gcjc9wllxyefau77aaapfy3kztuqt5339ke7x0,,,1,3
terp1gnfqzr25fgds7zn7m6njd795aat5yaf6vk7hd9,,,1,3
terp1gpg3cudxxrqfnzdvu564q8vx6pchsuyppuq56c,,,1,3
terp1gxhcqgkzzdqwpnjw8zt4w42afe5rp6z53h3rxk,,,1,3
terp1h34nzp0mt34kzvjpul7s3p3nlas7dxkasmj5ql,,,1,3
terp1h3r6kpjh9ahhxdlcjhhy4jqgtxgg4wy4u504sw,,,1,3
terp1h9telmavqcqt4at2r24hk8etlujc5yyxnqhtq3,,,1,3
terp1hk46nud6u79u3dzhfwdmszfeq2y5gkvqsuv4qr,,,1,3
terp1hlsdne6tljszfs0g9mup7hkaxngs02uynq2ge7,,,1,3
terp1hmvnht5pmajf8gv6v9lqxe3yptl6zhpgze5f93,,,1,3
terp1hzjshhytzexhkatvh2rjru94738ukckyufl55g,,,1,3
terp1j7k4qr4kxt37e05ylyzngj4a7y5sc4shchghle,,,1,3
terp1jjal9zgepms9nk533nya6frzyeu3je2vvvk9g6,,,1,3
terp1jpudqpydw26r3297dlaj3whecvatyayk9zdrc5,,,1,3
terp1jrun9td4ay99zl3umrpgytxrwxxl4ehmsaevux,,,1,3
terp1js638yd8j0yjwg3md9qm2aqc0zc008h0lmt66c,,,1,3
terp1jvm8gy4lgzcrsagxpyhvvxymz982y3j55skt3p,,,1,3
terp1k09afxhedzgrkn60rrnpa0u66yv3vz7yztrdf3,,,1,3
terp1k0edm2x43uyga7n6rvw5z5a80zqemywdu4r32y,,,1,3
terp1k5wv65kduq5d3cah63qx03jmymrtshkpeyu9tl,,,1,3
terp1kymg8jgly66q2ry9nmjdw5kkc0l4dkf5yjetg5,,,1,3
terp1l56z09rcgnamet6st2sm25ez6jc3ynp5z4r7sv,,,1,3
terp1lfzwc2t3kn92fmue8p4ff6nukesn0zrd9xhnwf,,,1,3
terp1lgw7t4s3r0u9u57uznfdqns9kssywvt9qpm6lw,,,1,3
terp1lp5dukv7aq7m5hs6nylyct7xzzkr308lcwm0y8,,,1,3
terp1lu9rwc2t6fl4v6keuzy3jwu6m6demuxga3qrmp,,,1,3
terp1luxd04jq75ya85uyqa2s3qe4uwq6xkhw6j3grp,,,1,3
terp1lwqpqguk5v0q8v88stw9z56r4j3yspclhfav8v,,,1,3
terp1m05umjfln8aq2xchnuvv3s78c05hjsmulpxu25,,,1,3
terp1m234dnn4huwga92r44f23xmu03qa90xmmpvhca,,,1,3
terp1mc4w0npa3e83e5s2fjyx7au3ucnpkaq5c2jrh6,,,1,3
terp1mp6pmw6qh3ufzwvyx43vvc9suf7j3ja49ref2c,,,1,3
terp1mppp30je8y73p5kcc2ej68jywxtjl3g6rhced3,,,1,3
terp1mvftg5yneyra3y47mmevnkxvft4c8tq9k6jlzc,,,1,3
terp1mw37tyktlr0krk4qnup2l09sf7qaflnxgchvdu,,,1,3
terp1my2ed0fyt7hwaeu36sx0x3amtu882q3x7ujmh4,,,1,3
terp1n42svuev8ufm2slyesflsydpc8c7pkm0j2364d,,,1,3
terp1n8n7wvc8kxadpacaf5lkhvkpvv9lzw5ce96nxe,,,1,3
terp1n96lzcs7efhxcwz6thxu46v45cra9kx60ah0qz,,,1,3
terp1nechhpd3rqymll6qz9mcyjxeqyf43zmd5x0cd4,,,1,3
terp1nsr7ufqnnuj468d6nsdq5ychukfv8c6nvkgkwt,,,1,3
terp1nxd64cd6nujsnhkms7v9rahu97c2rd36xsrka7,,,1,3
terp1nxdlgfrh8wdddcrtwjqpsyaeugnnwxfdpg2e8y,,,1,3
terp1p2hursqfpm8jnxwey0l29vvd9uh3hgww6pjg8e,,,1,3
terp1p45cvk7w98hkvqcf8vd9nverv35pg5yj4yl0wv,,,1,3
terp1p5v47xyrthlw2q2drpvynduq6kfxfx9mruvraw,,,1,3
terp1pasnu3wly4gy0a5qwkrc5j99cv0zqj8g3pwch4,,,1,3
terp1pk8a4rdvuv4w0ncf5cxewkajrgnth55udgqvha,,,1,3
terp1psqh6mn4dw209fhrenypycd8a3n7u8ydv8u38y,,,1,3
terp1pwnu3r0wapaujs3v9e6zwyezv6hv7yh99zjdfl,,,1,3
terp1px2q40q3twagt23d4jc7nwdu2kdw59dhhg4zmv,,,1,3
terp1q2274n2ls7c39ndffvajuj38grwfd9jqfuvpnq,,,1,3
terp1q5ed05d6qy9fz7qqcmm5ws6s5yf0grml600apu,,,1,3
terp1q8lg7prxcu0xlzselfp9mam49tu5mrh4gssxce,,,1,3
terp1q9lpyx64r26z8r062nqnr53nglwwt0ff8gg34w,,,1,3
terp1qd8y9px5xyrcfu2nlq79rqdyvcx3e28flcylr5,,,1,3
terp1qfpnat6kc99gsc3233cw6fq0s0fdv7cq06alqu,,,1,3
terp1qhlkyq7vj8ajg02n5c94y89h3g4m4872ntzqul,,,1,3
terp1qs5wez44t9y7pn6d0y2t5te55jxjvp5w7strdg,,,1,3
terp1r2d4qz0wvwgffe8sm8hl0qfx62xn9hjewujfy0,,,1,3
terp1r7sp8qf07jtj437tcz47jpthlqw3ffthsahww9,,,1,3
terp1r930uvkzcmyqqsz8q8zdqp0qw97enewla4l5dr,,,1,3
terp1rge5c5s5gs7zjj42s90fa08ypspsjk7rhtr5pv,,,1,3
terp1rjsnmnp478hx4877uuku6z6z33f7px556mqnjw,,,1,3
terp1rjzsjxsfel6wvgynrw54y36mt4hxrpnl7k2c3h,,,1,3
terp1rxg6dde5u5n4yvl5urr8tdlysf2f3r2hy6xum0,,,1,3
terp1sc9h4dlftwqv82utj52xfgrv0xevuwng68zjp3,,,1,3
terp1sghqztvgjv3ug6ltpvvwwyhpt35u7hu8ha6p42,,,1,3
terp1shsc29w2g5sj9z856k6wrsxhcg7re95pgs56sv,,,1,3
terp1shzdv2ke6dhud0y6n0vf69ss8asxxptwa7cx8f,,,1,3
terp1spnkdssxehxzr9pjye30nm63rmrzt393g0c3tx,,,1,3
terp1suhdd9wha05dgtf6awgnrayqjq6ty8wmkalt2t,,,1,3
terp1sw7w3yy4nplvg3kutw3yssclv9sxascasc7sdz,,,1,3
terp1sw8xa00s68szlyvgp8l2fzqj95w5gjm5qxpuac,,,1,3
terp1t3ljsh28tcmgr36f88xjs28xqtmgq056rvemjc,,,1,3
terp1tqywev6xmvrnagfq57c0h5susdy3l7897xz3tr,,,1,3
terp1tyl97ac3s7sec4jwznk0s7n3tlwf3matfmkape,,,1,3
terp1u6k3g5g2lzdp798vj3nzhaa9aa7aa0ksvdwem8,,,1,3
terp1ujv2gmfwrwzj504ntggqld0q5euafp76s5c6hc,,,1,3
terp1up58u5w8wy558xsy3q4dmfp7tr3w3qg5mp3clh,,,1,3
terp1uq757nfy3hltz80nw4k95ss9x4zldhpqflzaxx,,,1,3
terp1uwearr5tr8vuphacfqglfg52vmk8f2a0ccpxgt,,,1,3
terp1uzlkcqs7ymrfwhzgg3xnjnekr7x39vewta58zv,,,1,3
terp1v54xm78phkgutgnu9mmhu3rsw8c7xm3awpgs4y,,,1,3
terp1v5fq05qx38vgjeagy5k80z2rrfzrfar2w8hp6q,,,1,3
terp1v5x7d2csz5vwz48p6wkj4j2y884e0ade5gnafn,,,1,3
terp1veqxqcasg6u9jvmxg6tlhqm0stk7m7k6qn0rxm,,,1,3
terp1vgmslv3tc4r0kfzq3mpdugrkkn7sxq3ej8q5m5,,,1,3
terp1vqp88kzuvllwr57m6r38dghy6w64qvv7rwmua7,,,1,3
terp1vuy6azcmpngnctx8rnc3wzzvldceg0uewxjadd,,,1,3
terp1vwrlxrxqc7gwm3a7nj73xgcsnk7krjrr6709f6,,,1,3
terp1vxhywak9u2hm3v40u054cfrq2w87zr247yyq86,,,1,3
terp1vxqe8xmtdwe46kaggv38pgk66esy3xaeffvwc9,,,1,3
terp1wahvxtx7grgtez8p84wqrf7vyegxqqhxh9pr23,,,1,3
terp1we50lf9sw27w6d33z5mukygdcldyganhqy6w3x,,,1,3
terp1wf2sz3y6ngh42jdn35tduad9ayhnf8paf9k0nw,,,1,3
terp1wfdkvf5qywhr6ky6srmcldy0j5adxshe2kytsg,,,1,3
terp1whdmfsy92jreqahpd6lwmwqxsjmkkxta6z9cqw,,,1,3
terp1wjxgez2l3yekqwrm2tlgjfhmwce8t4f0c3narq,,,1,3
terp1wnlvwnumm7crl8eqk9pkztzjus0s74xrdj2hg2,,,1,3
terp1wvy9nv3pgxnj6q9qvcllwk8txzgwr5zusts2um,,,1,3
terp1wy5rlr4l5gury0evnhwdknyj9xx5gjts0w4axk,,,1,3
terp1x4nsrhgak74fne0gv66alfje64cqgfs8spmf7y,,,1,3
terp1xcvjj09y9y74a3halfnrhjpp7yyqay4k267nu8,,,1,3
terp1xpyqxhyg742e4p9323676mqqzwe730e9e6l2gt,,,1,3
terp1y47jfdvnt4p3jt5y0wdavy3fmsx9zaqnntc5q9,,,1,3
terp1y4e53uwpevedz9qjfvw7x0qndp72u54z48vv8z,,,1,3
terp1y4t8hfc4eccuyzwr4nlrs539gmm3v7g6wq9twv,,,1,3
terp1ye5ugf3u4hn3j3hgakfc8rjgr5wrpwwrq79p7a,,,1,3
terp1ygm9uvuq23jaf758ywsxw76glc8e8fjmghcksu,,,1,3
terp1yk8anx9kam5ep6ajkwhvd9dy2wqrfkvuuvjhy6,,,1,3
terp1yqvxyhzqd4e6mg6hhd0x08jr5yg6mdzje5wuee,,,1,3
terp1z68333gc4506vu4fju23z6hdyhwnpg7znzqm63,,,1,3
terp1ze0h7kf8044ekqkcmwcxnhrjcevwk0tz8y58cn,,,1,3
terp1zyypm8a3m59kzg2zru29jxhry23k5xldz8vx7n,,,1,3
